-- JOGADORES ATIVOS (1-60)
(1, 'JOGADOR', true, null),
(2, 'JOGADOR', true, null),
(3, 'JOGADOR', true, null),
(4, 'JOGADOR', true, null),
(5, 'JOGADOR', true, null),
(6, 'JOGADOR', true, null),
(7, 'JOGADOR', true, null),
(8, 'JOGADOR', true, null),
(9, 'JOGADOR', true, null),
(10, 'JOGADOR', true, null),
(11, 'JOGADOR', true, null),
(12, 'JOGADOR', true, null),
(13, 'JOGADOR', true, null),
(14, 'JOGADOR', true, null),
(15, 'JOGADOR', true, null),
(16, 'JOGADOR', true, null),
(17, 'JOGADOR', true, null),
(18, 'JOGADOR', true, null),
(19, 'JOGADOR', true, null),
(20, 'JOGADOR', true, null),
(21, 'JOGADOR', true, null),
(22, 'JOGADOR', true, null),
(23, 'JOGADOR', true, null),
(24, 'JOGADOR', true, null),
(25, 'JOGADOR', true, null),
(26, 'JOGADOR', true, null),
(27, 'JOGADOR', true, null),
(28, 'JOGADOR', true, null),
(29, 'JOGADOR', true, null),
(30, 'JOGADOR', true, null),
(31, 'JOGADOR', true, null),
(32, 'JOGADOR', true, null),
(33, 'JOGADOR', true, null),
(34, 'JOGADOR', true, null),
(35, 'JOGADOR', true, null),
(36, 'JOGADOR', true, null),
(37, 'JOGADOR', true, null),
(38, 'JOGADOR', true, null),
(39, 'JOGADOR', true, null),
(40, 'JOGADOR', true, null),
(41, 'JOGADOR', true, null),
(42, 'JOGADOR', true, null),
(43, 'JOGADOR', true, null),
(44, 'JOGADOR', true, null),
(45, 'JOGADOR', true, null),
(46, 'JOGADOR', true, null),
(47, 'JOGADOR', true, null),
(48, 'JOGADOR', true, null),
(49, 'JOGADOR', true, null),
(50, 'JOGADOR', true, null),
(51, 'JOGADOR', true, null),
(52, 'JOGADOR', true, null),
(53, 'JOGADOR', true, null),
(54, 'JOGADOR', true, null),
(55, 'JOGADOR', true, null),
(56, 'JOGADOR', true, null),
(57, 'JOGADOR', true, null),
(58, 'JOGADOR', true, null),
(59, 'JOGADOR', true, null),
(60, 'JOGADOR', true, null),

-- GUILDAS ATIVAS (61-90)
(61, 'GUILDA', true, null),
(62, 'GUILDA', true, null),
(63, 'GUILDA', true, null),
(64, 'GUILDA', true, null),
(65, 'GUILDA', true, null),
(66, 'GUILDA', true, null),
(67, 'GUILDA', true, null),
(68, 'GUILDA', true, null),
(69, 'GUILDA', true, null),
(70, 'GUILDA', true, null),
(71, 'GUILDA', true, null),
(72, 'GUILDA', true, null),
(73, 'GUILDA', true, null),
(74, 'GUILDA', true, null),
(75, 'GUILDA', true, null),
(76, 'GUILDA', true, null),
(77, 'GUILDA', true, null),
(78, 'GUILDA', true, null),
(79, 'GUILDA', true, null),
(80, 'GUILDA', true, null),
(81, 'GUILDA', true, null),
(82, 'GUILDA', true, null),
(83, 'GUILDA', true, null),
(84, 'GUILDA', true, null),
(85, 'GUILDA', true, null),
(86, 'GUILDA', true, null),
(87, 'GUILDA', true, null),
(88, 'GUILDA', true, null),
(89, 'GUILDA', true, null),
(90, 'GUILDA', true, null),

-- JOGADORES INATIVOS (91-95)
(91, 'JOGADOR', false, '2025-01-15 10:30:00'),
(92, 'JOGADOR', false, '2025-02-20 14:45:00'),
(93, 'JOGADOR', false, '2025-03-10 08:15:00'),
(94, 'JOGADOR', false, '2025-04-05 16:20:00'),
(95, 'JOGADOR', false, '2025-05-12 11:00:00'),
-- GUILDAS INATIVAS (96-98)
(96, 'GUILDA', false, '2025-01-30 09:00:00'),
(97, 'GUILDA', false, '2025-02-28 13:30:00'),
(98, 'GUILDA', false, '2025-03-25 17:45:00'),

-- JOGADORES INATIVOS (99-100)
(99, 'JOGADOR', false, '2025-06-01 12:00:00'),
(100, 'JOGADOR', false, '2025-06-10 15:30:00'),

-- JOGADORES ATIVOS (101-120) - CORRIGIDO!
(101, 'JOGADOR', true, null),
(102, 'JOGADOR', true, null),
(103, 'JOGADOR', true, null),
(104, 'JOGADOR', true, null),
(105, 'JOGADOR', true, null),
(106, 'JOGADOR', true, null),
(107, 'JOGADOR', true, null),
(108, 'JOGADOR', true, null),
(109, 'JOGADOR', true, null),
(110, 'JOGADOR', true, null),
(111, 'JOGADOR', true, null),
(112, 'JOGADOR', true, null),
(113, 'JOGADOR', true, null),
(114, 'JOGADOR', true, null),
(115, 'JOGADOR', true, null),
(116, 'JOGADOR', true, null),
(117, 'JOGADOR', true, null),
(118, 'JOGADOR', true, null),
(119, 'JOGADOR', true, null),
(120, 'JOGADOR', true, null),

-- GUILDAS ATIVAS (121-180)
(121, 'GUILDA', true, null),
(122, 'GUILDA', true, null),
(123, 'GUILDA', true, null),
(124, 'GUILDA', true, null),
(125, 'GUILDA', true, null),
(126, 'GUILDA', true, null),
(127, 'GUILDA', true, null),
(128, 'GUILDA', true, null),
(129, 'GUILDA', true, null),
(130, 'GUILDA', true, null),
(131, 'GUILDA', true, null),
(132, 'GUILDA', true, null),
(133, 'GUILDA', true, null),
(134, 'GUILDA', true, null),
(135, 'GUILDA', true, null),
(136, 'GUILDA', true, null),
(137, 'GUILDA', true, null),
(138, 'GUILDA', true, null),
(139, 'GUILDA', true, null),
(140, 'GUILDA', true, null),
(141, 'GUILDA', true, null),
(142, 'GUILDA', true, null),
(143, 'GUILDA', true, null),
(144, 'GUILDA', true, null),
(145, 'GUILDA', true, null),
(146, 'GUILDA', true, null),
(147, 'GUILDA', true, null),
(148, 'GUILDA', true, null),
(149, 'GUILDA', true, null),
(150, 'GUILDA', true, null),
(151, 'GUILDA', true, null),
(152, 'GUILDA', true, null),
(153, 'GUILDA', true, null),
(154, 'GUILDA', true, null),
(155, 'GUILDA', true, null),
(156, 'GUILDA', true, null),
(157, 'GUILDA', true, null),
(158, 'GUILDA', true, null),
(159, 'GUILDA', true, null),
(160, 'GUILDA', true, null),
(161, 'GUILDA', true, null),
(162, 'GUILDA', true, null),
(163, 'GUILDA', true, null),
(164, 'GUILDA', true, null),
(165, 'GUILDA', true, null),
(166, 'GUILDA', true, null),
(167, 'GUILDA', true, null),
(168, 'GUILDA', true, null),
(169, 'GUILDA', true, null),
(170, 'GUILDA', true, null),
(171, 'GUILDA', true, null),
(172, 'GUILDA', true, null),
(173, 'GUILDA', true, null),
(174, 'GUILDA', true, null),
(175, 'GUILDA', true, null),
(176, 'GUILDA', true, null),
(177, 'GUILDA', true, null),
(178, 'GUILDA', true, null),
(179, 'GUILDA', true, null),
(180, 'GUILDA', true, null),

(181, 'JOGADOR', true, null),
(182, 'JOGADOR', true, null),
(183, 'JOGADOR', true, null),
(184, 'JOGADOR', true, null),
(185, 'JOGADOR', true, null),
(186, 'JOGADOR', true, null),
(187, 'JOGADOR', true, null),
(188, 'JOGADOR', true, null),
(189, 'JOGADOR', true, null);

INSERT INTO GUILDA (id_dono, nome, data_criacao) VALUES
(61, 'Ordem Fênix', '2023-01-15 10:00:00'),
(62, 'Legião Sombria', '2023-02-20 14:30:00'),
(63, 'Guardiões Trono', '2023-03-10 08:45:00'),
(64, 'Aliança Ferro', '2023-04-05 16:20:00'),
(65, 'Clã do Lobo', '2023-05-12 11:00:00'),
(66, 'Irmandade Dragão', '2023-06-18 09:30:00'),
(67, 'Cavaleiros Aurora', '2023-07-22 13:15:00'),
(68, 'Sentinela Caos', '2023-08-30 10:45:00'),
(69, 'Mão da Justiça', '2023-09-14 15:00:00'),
(70, 'Filhos Trovão', '2023-10-01 12:30:00'),
(71, 'Guarda Noturna', '2023-11-11 08:00:00'),
(72, 'Legado Herói', '2023-12-25 14:00:00'),
(73, 'Fúria de Aço', '2024-01-05 09:15:00'),
(74, 'Alma Guerreiro', '2024-01-20 11:30:00'),
(75, 'Sombra Abismo', '2024-02-14 16:45:00'),
(76, 'Chama Eterna', '2024-03-01 10:00:00'),
(77, 'Ventos Norte', '2024-03-15 13:20:00'),
(78, 'Força Bruta', '2024-04-01 08:30:00'),
(79, 'Sabedoria Arcana', '2024-04-20 12:00:00'),
(80, 'Punho Ferro', '2024-05-05 15:30:00'),
(81, 'Olho Dragão', '2024-05-25 09:45:00'),
(82, 'Coração Pedra', '2024-06-10 14:15:00'),
(83, 'Lâmina Noite', '2024-06-30 11:00:00'),
(84, 'Código Guerreiro', '2024-07-15 16:20:00'),
(85, 'Ascensão Divina', '2024-08-01 10:30:00'),
(86, 'Trovão Celestial', '2024-08-20 13:45:00'),
(87, 'Guardião Templo', '2024-09-05 08:15:00'),
(88, 'Fúria Vulcão', '2024-09-25 12:30:00'),
(89, 'Sábios Oriente', '2024-10-10 15:00:00'),
(90, 'Legião Dourada', '2024-10-30 09:00:00'),
(91, 'Cavaleiros Luz', '2024-11-15 14:30:00'),
(92, 'Sombra e Fogo', '2024-11-20 11:15:00'),
(93, 'Almas Livres', '2024-12-01 10:00:00'),
(94, 'Defensores Reino', '2024-12-10 16:00:00'),
(95, 'Mercenários Elite', '2024-12-20 08:45:00'),
(96, 'Guilda Anões', '2025-01-05 13:30:00'),
(97, 'Elfos Floresta', '2025-01-15 09:15:00'),
(98, 'Ordem Serpente', '2025-02-01 12:00:00'),
(99, 'Coração Dragão', '2025-02-14 15:45:00'),
(100, 'Legião Imperial', '2025-03-01 10:30:00'),
(101, 'Guardiões Destino', '2025-03-10 09:00:00'),
(102, 'Aliança Rubra', '2025-03-15 14:30:00'),
(103, 'Clã do Corvo', '2025-03-20 11:45:00'),
(104, 'Irmandade Sol', '2025-03-25 16:20:00'),
(105, 'Cavaleiros Ébano', '2025-04-01 08:15:00'),
(106, 'Sentinela Prata', '2025-04-05 13:00:00'),
(107, 'Mão de Ferro', '2025-04-10 10:30:00'),
(108, 'Filhos da Lua', '2025-04-15 15:45:00'),
(109, 'Guarda Imperial', '2025-04-20 09:30:00'),
(110, 'Legião Bronze', '2025-04-25 14:00:00'),
(111, 'Fúria Divina', '2025-05-01 11:15:00'),
(112, 'Alma de Aço', '2025-05-05 16:30:00'),
(113, 'Sombra Cinzenta', '2025-05-10 08:45:00'),
(114, 'Chama Violeta', '2025-05-15 12:20:00'),
(115, 'Ventos do Sul', '2025-05-20 10:00:00'),
(116, 'Força Ancestral', '2025-05-25 15:30:00'),
(117, 'Sabedoria Antiga', '2025-06-01 09:15:00'),
(118, 'Punho de Ouro', '2025-06-05 14:45:00'),
(119, 'Olho do Falcão', '2025-06-10 11:00:00'),
(120, 'Coração Valente', '2025-06-15 16:20:00'),
(121, 'Lâmina Sagrada', '2025-06-20 08:30:00'),
(122, 'Código Épico', '2025-06-25 13:40:00'),
(123, 'Ascensão Lunar', '2025-07-01 10:15:00'),
(124, 'Trovão de Aço', '2025-07-05 15:00:00'),
(125, 'Guardião Celeste', '2025-07-10 09:45:00'),
(126, 'Fúria Flamejante', '2025-07-15 14:30:00'),
(127, 'Sábios do Oeste', '2025-07-20 11:30:00'),
(128, 'Legião de Ouro', '2025-07-25 16:00:00'),
(129, 'Cavaleiros Reais', '2025-08-01 08:00:00'),
(130, 'Sombra Noturna', '2025-08-05 13:20:00'),
(131, 'Almas Gêmeas', '2025-08-10 10:45:00'),
(132, 'Defensores Paz', '2025-08-15 15:30:00'),
(133, 'Mercenários Livres', '2025-08-20 09:00:00'),
(134, 'Guilda dos Elfos', '2025-08-25 14:15:00'),
(135, 'Ordem Sagrada', '2025-09-01 11:00:00'),
(136, 'Coração Rubi', '2025-09-05 16:30:00'),
(137, 'Legião de Prata', '2025-09-10 08:45:00'),
(138, 'Império do Sol', '2025-09-15 12:30:00'),
(139, 'Guardiões do Mar', '2025-09-20 10:15:00'),
(140, 'Fúria do Vento', '2025-09-25 15:45:00'),
(141, 'Aliança de Ouro', '2025-10-01 09:30:00'),
(142, 'Clã do Urso', '2025-10-05 14:00:00'),
(143, 'Irmandade Luz', '2025-10-10 11:45:00'),
(144, 'Crepusculo', '2025-10-15 16:20:00'),
(145, 'Sentinela Norte', '2025-10-20 08:15:00'),
(146, 'Mão da Justiça', '2025-10-25 13:00:00'),
(147, 'Filhos do Sol', '2025-11-01 10:30:00'),
(148, 'Guarda Noturna', '2025-11-05 15:00:00'),
(149, 'Legião Cristal', '2025-11-10 09:45:00'),
(150, 'Fúria de Gelo', '2025-11-15 14:30:00'),
(151, 'Alma de Fogo', '2025-11-20 11:15:00'),
(152, 'Sombra do Lobo', '2025-11-25 16:00:00'),
(153, 'Chama Eterna', '2025-12-01 08:30:00'),
(154, 'Ventos do Leste', '2025-12-05 13:45:00'),
(155, 'Força do Tigre', '2025-12-10 10:00:00'),
(156, 'Sabedoria Divina', '2025-12-15 15:30:00'),
(157, 'Punho de Aço', '2025-12-20 09:15:00'),
(158, 'Olho da Águia', '2025-12-25 14:45:00'),
(159, 'Coração de Leão', '2026-01-01 11:00:00'),
(160, 'Lâmina de Prata', '2026-01-05 16:20:00'),
(161, 'Código Guerreiro', '2026-01-10 08:45:00'),
(162, 'Ascensão Fogo', '2026-01-15 13:30:00'),
(163, 'Trovão de Prata', '2026-01-20 10:15:00'),
(164, 'Guardião Templo', '2026-01-25 15:00:00'),
(165, 'Fúria dos Deuses', '2026-02-01 09:30:00'),
(166, 'Sábios do Norte', '2026-02-05 14:15:00'),
(167, 'Legião de Rubi', '2026-02-10 11:45:00'),
(168, 'Cavaleiros Mar', '2026-02-15 16:30:00'),
(169, 'Sombra do Dragão', '2026-02-20 08:00:00'),
(170, 'Almas de Cristal', '2026-02-25 13:20:00'),
(171, 'Defensores Sol', '2026-03-01 10:30:00'),
(172, 'Mercenários Ouro', '2026-03-05 15:45:00'),
(173, 'Guilda dos Anjos', '2026-03-10 09:00:00'),
(174, 'Ordem da Lua', '2026-03-15 14:30:00'),
(175, 'Coração de Prata', '2026-03-20 11:15:00'),
(176, 'Legião do Trovão', '2026-03-25 16:00:00'),
(177, 'Império do Fogo', '2026-04-01 08:45:00'),
(178, 'Guardiões Vento', '2026-04-05 13:00:00'),
(179, 'Fúria do Mar', '2026-04-10 10:15:00'),
(180, 'Aliança Cristal', '2026-04-15 15:30:00');


INSERT INTO JOGADOR (id_dono, nome, email, id_guilda, cargo) VALUES
(1, 'Legolas', 'legolas@email.com', 61, 'OFICIAL'),
(2, 'Arthas', 'arthas@email.com', 62, 'LIDER'),
(3, 'Merlin', 'merlin@email.com', 63, 'LIDER'),
(4, 'Xena', 'xena@email.com', 64, 'OFICIAL'),
(5, 'Gandalf', 'gandalf@email.com', 65, 'LIDER'),
(6, 'Aragorn', 'aragorn@email.com', 66, 'MEMBRO'),
(7, 'Frodo', 'frodo@email.com', 67, 'MEMBRO'),
(8, 'Saruman', 'saruman@email.com', 68, 'LIDER'),
(9, 'Thrall', 'thrall@email.com', 69, 'OFICIAL'),
(10, 'Jaina', 'jaina@email.com', 70, 'LIDER'),
(11, 'Sylvanas', 'sylvanas@email.com', 71, 'LIDER'),
(12, 'Illidan', 'illidan@email.com', 72, 'LIDER'),
(13, 'Malfurion', 'malfurion@email.com', 73, 'OFICIAL'),
(14, 'Tyrande', 'tyrande@email.com', 74, 'LIDER'),
(15, 'Kaelthas', 'kaelthas@email.com', 75, 'MEMBRO'),
(16, 'Garrosh', 'garrosh@email.com', 76, 'LIDER'),
(17, 'Varian', 'varian@email.com', 77, 'LIDER'),
(18, 'Anduin', 'anduin@email.com', 78, 'MEMBRO'),
(19, 'Sargeras', 'sargeras@email.com', 79, 'LIDER'),
(20, 'Aegwynn', 'aegwynn@email.com', 80, 'OFICIAL'),
(21, 'Medivh', 'medivh@email.com', 81, 'MEMBRO'),
(22, 'Khadgar', 'khadgar@email.com', 82, 'LIDER'),
(23, 'Rexxar', 'rexxar@email.com', 83, 'OFICIAL'),
(24, 'Chen', 'chen@email.com', 84, 'MEMBRO'),
(25, 'LiLi', 'lili@email.com', 85, 'MEMBRO'),
(26, 'Tracer', 'tracer@email.com', 86, 'LIDER'),
(27, 'Winston', 'winston@email.com', 87, 'LIDER'),
(28, 'D.Va', 'dva@email.com', 88, 'OFICIAL'),
(29, 'Genji', 'genji@email.com', 89, 'MEMBRO'),
(30, 'Hanzo', 'hanzo@email.com', 90, 'MEMBRO'),
(31, 'Aloy', 'aloy@email.com', 111, 'LIDER'),
(32, 'Kratos', 'kratos@email.com', 112, 'LIDER'),
(33, 'Atreus', 'atreus@email.com', 113, 'MEMBRO'),
(34, 'Freya', 'freya@email.com', 114, 'OFICIAL'),
(35, 'Loki', 'loki@email.com', 115, 'MEMBRO'),
(36, 'Thor', 'thor@email.com', 116, 'LIDER'),
(37, 'Odin', 'odin@email.com', 117, 'LIDER'),
(38, 'Hel', 'hel@email.com', 118, 'OFICIAL'),
(39, 'Tyr', 'tyr@email.com', 119, 'MEMBRO'),
(40, 'Valkyrie', 'valkyrie@email.com', 120, 'LIDER'),
(41, 'Artemis', 'artemis@email.com', 61, 'MEMBRO'),
(42, 'Apollo', 'apollo@email.com', 62, 'OFICIAL'),
(43, 'Dionysus', 'dionysus@email.com', 63, 'MEMBRO'),
(44, 'Hermes', 'hermes@email.com', 64, 'LIDER'),
(45, 'Ares', 'ares@email.com', 65, 'OFICIAL'),
(46, 'Aphrodite', 'aphrodite@email.com', 66, 'MEMBRO'),
(47, 'Hades', 'hades@email.com', 67, 'LIDER'),
(48, 'Poseidon', 'poseidon@email.com', 68, 'LIDER'),
(49, 'Zeus', 'zeus@email.com', 69, 'OFICIAL'),
(50, 'Demeter', 'demeter@email.com', 70, 'MEMBRO'),
(51, 'Hestia', 'hestia@email.com', 71, 'LIDER'),
(52, 'Athena', 'athena@email.com', 72, 'LIDER'),
(53, 'Hephaestus', 'hephaestus@email.com', 73, 'OFICIAL'),
(54, 'Eros', 'eros@email.com', 74, 'MEMBRO'),
(55, 'Selene', 'selene@email.com', 75, 'MEMBRO'),
(56, 'Helios', 'helios@email.com', 76, 'LIDER'),
(57, 'Nyx', 'nyx@email.com', 77, 'LIDER'),
(58, 'Eos', 'eos@email.com', 78, 'OFICIAL'),
(59, 'Cronus', 'cronus@email.com', 79, 'MEMBRO'),
(60, 'Rhea', 'rhea@email.com', 80, 'MEMBRO'),
(61, 'Aquiles', 'aquiles61@email.com', 91, 'LIDER'),
(62, 'Hércules', 'hercules62@email.com', 92, 'LIDER'),
(63, 'Perseu', 'perseu63@email.com', 93, 'OFICIAL'),
(64, 'Teseu', 'teseu64@email.com', 94, 'MEMBRO'),
(65, 'Orfeu', 'orfeu65@email.com', 95, 'LIDER'),
(66, 'Édipo', 'edipo66@email.com', 96, 'OFICIAL'),
(67, 'Narciso', 'narciso67@email.com', 97, 'MEMBRO'),
(68, 'Ulisses', 'ulisses68@email.com', 98, 'LIDER'),
(69, 'Ájax', 'ajax69@email.com', 99, 'OFICIAL'),
(70, 'Heitor', 'heitor70@email.com', 100, 'MEMBRO'),
(71, 'Príamo', 'priamo71@email.com', 101, 'LIDER'),
(72, 'Cassandra', 'cassandra72@email.com', 102, 'LIDER'),
(73, 'Andrômeda', 'andromeda73@email.com', 103, 'OFICIAL'),
(74, 'Cassiopeia', 'cassiopeia74@email.com', 104, 'MEMBRO'),
(75, 'Dânae', 'danae75@email.com', 105, 'LIDER'),
(76, 'Leda', 'leda76@email.com', 106, 'OFICIAL'),
(77, 'Europa', 'europa77@email.com', 107, 'MEMBRO'),
(78, 'Medeia', 'medeia78@email.com', 108, 'LIDER'),
(79, 'Clitemnestra', 'clitemnestra79@email.com', 109, 'LIDER'),
(80, 'Ifigênia', 'ifigenia80@email.com', 110, 'OFICIAL'),
(81, 'Electra', 'electra81@email.com', 111, 'MEMBRO'),
(82, 'Orestes', 'orestes82@email.com', 112, 'LIDER'),
(83, 'Pílades', 'pilades83@email.com', 113, 'OFICIAL'),
(84, 'Crisaor', 'crisaor84@email.com', 114, 'MEMBRO'),
(85, 'Glauco', 'glauco85@email.com', 115, 'LIDER'),
(86, 'Belerofonte', 'belerofonte86@email.com', 116, 'LIDER'),
(87, 'Médusa', 'medusa87@email.com', 117, 'OFICIAL'),
(88, 'Esteno', 'esteno88@email.com', 118, 'MEMBRO'),
(89, 'Euríale', 'euriale89@email.com', 119, 'LIDER'),
(90, 'Cérbero', 'cerbero90@email.com', 120, 'OFICIAL'),
(91, 'Cain', 'cain@email.com', NULL, NULL),
(92, 'Abel', 'abel@email.com', NULL, NULL),
(93, 'Noah', 'noah@email.com', NULL, NULL),
(94, 'Enoch', 'enoch@email.com', NULL, NULL),
(95, 'Methuselah', 'methuselah@email.com', NULL, NULL),
(96, 'Gnomos', 'gnomos190@email.com', 130, 'LIDER'),
(97, 'Fadas', 'fadas191@email.com', 131, 'OFICIAL'),
(98, 'Duendes', 'duendes192@email.com', 132, 'MEMBRO'),
(99, 'Tiamat', 'tiamat@email.com', NULL, NULL),
(100, 'Bahamut', 'bahamut@email.com', NULL, NULL),
(101, 'Horus', 'horus@email.com', 111, 'MEMBRO'),
(102, 'Isis', 'isis@email.com', 112, 'LIDER'),
(103, 'Osiris', 'osiris@email.com', 113, 'OFICIAL'),
(104, 'Anubis', 'anubis@email.com', 114, 'MEMBRO'),
(105, 'Ra', 'ra@email.com', 115, 'LIDER'),
(106, 'Seth', 'seth@email.com', 116, 'LIDER'),
(107, 'Bastet', 'bastet@email.com', 117, 'OFICIAL'),
(108, 'Sekhmet', 'sekhmet@email.com', 118, 'MEMBRO'),
(109, 'Nephthys', 'nephthys@email.com', 119, 'LIDER'),
(110, 'Geb', 'geb@email.com', 120, 'LIDER'),
(111, 'Sereia', 'sereia@email.com', 127, 'MEMBRO'),
(112, 'Ninfa', 'ninfa@email.com', 137, 'LIDER'),
(113, 'Venus', 'venus@email.com', 138, 'LIDER'),
(121, 'Quimera', 'quimera181@email.com', 121, 'MEMBRO'),
(122, 'Hydra', 'hydra182@email.com', 122, 'LIDER'),
(123, 'Pégaso', 'pegaso183@email.com', 123, 'LIDER'),
(124, 'Centauro', 'centauro184@email.com', 124, 'OFICIAL'),
(125, 'Sátiro', 'satiro185@email.com', 125, 'MEMBRO'),
(126, 'Ninfas', 'ninfas186@email.com', 126, 'LIDER'),
(127, 'Driades', 'driades187@email.com', 127, 'OFICIAL'),
(128, 'Ondinas', 'ondinas188@email.com', 128, 'MEMBRO'),
(129, 'Silfos', 'silfos189@email.com', 129, 'LIDER');


-- IMPORTANTE: rodar depois de criar as tabelas (tabelas.sql)
-- Ordem importa: DONO primeiro (pai), depois GUILDA e JOGADOR (filhos, via FK id_dono)

-- =========================================
-- 1) DONOS do tipo GUILDA (ativos)
-- =========================================
INSERT INTO DONO (id_dono, tipo, ativo, data_inativacao) VALUES
(1, 'GUILDA', true, null),
(2, 'GUILDA', true, null),
(3, 'GUILDA', true, null);

-- =========================================
-- 2) DONOS do tipo JOGADOR (ativos)
-- =========================================
INSERT INTO DONO (id_dono, tipo, ativo, data_inativacao) VALUES
(101, 'JOGADOR', true, null),
(102, 'JOGADOR', true, null),
(103, 'JOGADOR', true, null),
(104, 'JOGADOR', true, null);

-- =========================================
-- 3) Exemplo de DONO inativo (JOGADOR)
--    repare: ativo = false EXIGE data_inativacao preenchida
-- =========================================
INSERT INTO DONO (id_dono, tipo, ativo, data_inativacao) VALUES
(105, 'JOGADOR', false, '2026-05-10');

-- =========================================
-- 4) GUILDAS (id_dono deve existir em DONO com tipo = 'GUILDA')
-- =========================================
INSERT INTO GUILDA (id_dono, nome, data_criacao) VALUES
(1, 'Dragões do Norte', '2024-01-15'),
(2, 'Sombra Eterna', '2024-03-20'),
(3, 'Aliança Dourada', '2025-02-10');

-- =========================================
-- 5) JOGADORES (id_dono deve existir em DONO com tipo = 'JOGADOR';
--    id_guilda deve existir em GUILDA)
-- =========================================
INSERT INTO JOGADOR (id_dono, nome, email, id_guilda, cargo) VALUES
(101, 'Maria Silva', 'maria@teste.com', 1, 'líder'),
(102, 'João Souza', 'joao@teste.com', 1, 'membro'),
(103, 'Ana Costa', 'ana@teste.com', 2, 'membro'),
(104, 'Pedro Lima', 'pedro@teste.com', 3, 'líder'),
(105, 'Carlos Reis', 'carlos@teste.com', 2, 'membro');
